{
  "project_info": {
    "project_number": "915020551348",
    "project_id": "parcialandroid-53b28",
    "storage_bucket": "parcialandroid-53b28.appspot.com"
  },
  "client": [
    {
      "client_info": {
        "mobilesdk_app_id": "1:915020551348:android:bcca86365c5f47ef2773e1",
        "android_client_info": {
          "package_name": "com.example.parcial3"
        }
      },
      "oauth_client": [],
      "api_key": [
        {
          "current_key": "AIzaSyDXs-qr96-u1o5luKhMK5t6YrpQECk7oSY"
        }
      ],
      "services": {
        "appinvite_service": {
          "other_platform_oauth_client": []
        }
      }
    }
  ],
  "configuration_version": "1"
}